user_id,product_id,event_type,created_at
1,3,ADDED_TO_CART,2026-01-01T15:20:00Z
1,8,ADDED_TO_CART,2026-01-01T15:21:00Z
1,14,ADDED_TO_CART,2026-01-01T15:22:00Z
1,16,ADDED_TO_CART,2026-01-01T15:23:00Z
1,7,ADDED_TO_CART,2026-01-01T15:24:00Z
1,22,ADDED_TO_CART,2026-01-01T15:25:00Z
1,1,ADDED_TO_CART,2026-01-01T15:26:00Z
2,5,ADDED_TO_CART,2026-01-01T15:40:00Z
2,6,ADDED_TO_CART,2026-01-01T15:41:00Z
2,20,ADDED_TO_CART,2026-01-01T15:42:00Z
2,8,ADDED_TO_CART,2026-01-01T15:43:00Z
2,14,ADDED_TO_CART,2026-01-01T15:44:00Z
2,2,ADDED_TO_CART,2026-01-01T15:45:00Z
2,1,ADDED_TO_CART,2026-01-01T15:46:00Z
3,8,ADDED_TO_CART,2026-01-01T16:00:00Z
3,18,ADDED_TO_CART,2026-01-01T16:01:00Z
3,24,ADDED_TO_CART,2026-01-01T16:02:00Z
3,11,ADDED_TO_CART,2026-01-01T16:03:00Z
3,3,ADDED_TO_CART,2026-01-01T16:04:00Z
3,13,ADDED_TO_CART,2026-01-01T16:05:00Z
3,19,ADDED_TO_CART,2026-01-01T16:06:00Z
4,1,ADDED_TO_CART,2026-01-01T16:20:00Z
4,20,ADDED_TO_CART,2026-01-01T16:21:00Z
4,2,ADDED_TO_CART,2026-01-01T16:22:00Z
4,4,ADDED_TO_CART,2026-01-01T16:23:00Z
4,7,ADDED_TO_CART,2026-01-01T16:24:00Z
4,6,ADDED_TO_CART,2026-01-01T16:25:00Z
4,5,ADDED_TO_CART,2026-01-01T16:26:00Z
5,14,ADDED_TO_CART,2026-01-01T16:40:00Z
5,16,ADDED_TO_CART,2026-01-01T16:41:00Z
5,5,ADDED_TO_CART,2026-01-01T16:42:00Z
5,1,ADDED_TO_CART,2026-01-01T16:43:00Z
5,8,ADDED_TO_CART,2026-01-01T16:44:00Z
5,18,ADDED_TO_CART,2026-01-01T16:45:00Z
5,9,ADDED_TO_CART,2026-01-01T16:46:00Z
6,15,ADDED_TO_CART,2026-01-01T17:00:00Z
6,6,ADDED_TO_CART,2026-01-01T17:01:00Z
6,10,ADDED_TO_CART,2026-01-01T17:02:00Z
6,22,ADDED_TO_CART,2026-01-01T17:03:00Z
6,21,ADDED_TO_CART,2026-01-01T17:04:00Z
6,7,ADDED_TO_CART,2026-01-01T17:05:00Z
6,24,ADDED_TO_CART,2026-01-01T17:06:00Z
7,11,ADDED_TO_CART,2026-01-01T17:20:00Z
7,12,ADDED_TO_CART,2026-01-01T17:21:00Z
7,24,ADDED_TO_CART,2026-01-01T17:22:00Z
7,13,ADDED_TO_CART,2026-01-01T17:23:00Z
7,23,ADDED_TO_CART,2026-01-01T17:24:00Z
7,5,ADDED_TO_CART,2026-01-01T17:25:00Z
7,7,ADDED_TO_CART,2026-01-01T17:26:00Z
8,14,ADDED_TO_CART,2026-01-01T17:40:00Z
8,16,ADDED_TO_CART,2026-01-01T17:41:00Z
8,17,ADDED_TO_CART,2026-01-01T17:42:00Z
8,3,ADDED_TO_CART,2026-01-01T17:43:00Z
8,23,ADDED_TO_CART,2026-01-01T17:44:00Z
8,8,ADDED_TO_CART,2026-01-01T17:45:00Z
8,15,ADDED_TO_CART,2026-01-01T17:46:00Z
9,9,ADDED_TO_CART,2026-01-01T18:00:00Z
9,10,ADDED_TO_CART,2026-01-01T18:01:00Z
9,1,ADDED_TO_CART,2026-01-01T18:02:00Z
9,14,ADDED_TO_CART,2026-01-01T18:03:00Z
9,2,ADDED_TO_CART,2026-01-01T18:04:00Z
9,18,ADDED_TO_CART,2026-01-01T18:05:00Z
9,8,ADDED_TO_CART,2026-01-01T18:06:00Z
10,1,ADDED_TO_CART,2026-01-01T18:20:00Z
10,7,ADDED_TO_CART,2026-01-01T18:21:00Z
10,11,ADDED_TO_CART,2026-01-01T18:22:00Z
10,24,ADDED_TO_CART,2026-01-01T18:23:00Z
10,20,ADDED_TO_CART,2026-01-01T18:24:00Z
10,5,ADDED_TO_CART,2026-01-01T18:25:00Z
10,6,ADDED_TO_CART,2026-01-01T18:26:00Z
11,16,ADDED_TO_CART,2026-01-01T18:40:00Z
11,7,ADDED_TO_CART,2026-01-01T18:41:00Z
11,22,ADDED_TO_CART,2026-01-01T18:42:00Z
11,1,ADDED_TO_CART,2026-01-01T18:43:00Z
11,3,ADDED_TO_CART,2026-01-01T18:44:00Z
11,8,ADDED_TO_CART,2026-01-01T18:45:00Z
11,14,ADDED_TO_CART,2026-01-01T18:46:00Z
12,8,ADDED_TO_CART,2026-01-01T19:00:00Z
12,14,ADDED_TO_CART,2026-01-01T19:01:00Z
12,2,ADDED_TO_CART,2026-01-01T19:02:00Z
12,1,ADDED_TO_CART,2026-01-01T19:03:00Z
12,5,ADDED_TO_CART,2026-01-01T19:04:00Z
12,6,ADDED_TO_CART,2026-01-01T19:05:00Z
12,20,ADDED_TO_CART,2026-01-01T19:06:00Z
13,11,ADDED_TO_CART,2026-01-01T19:20:00Z
13,3,ADDED_TO_CART,2026-01-01T19:21:00Z
13,13,ADDED_TO_CART,2026-01-01T19:22:00Z
13,19,ADDED_TO_CART,2026-01-01T19:23:00Z
13,8,ADDED_TO_CART,2026-01-01T19:24:00Z
13,18,ADDED_TO_CART,2026-01-01T19:25:00Z
13,24,ADDED_TO_CART,2026-01-01T19:26:00Z
14,4,ADDED_TO_CART,2026-01-01T19:40:00Z
14,7,ADDED_TO_CART,2026-01-01T19:41:00Z
14,6,ADDED_TO_CART,2026-01-01T19:42:00Z
14,5,ADDED_TO_CART,2026-01-01T19:43:00Z
14,1,ADDED_TO_CART,2026-01-01T19:44:00Z
14,20,ADDED_TO_CART,2026-01-01T19:45:00Z
14,2,ADDED_TO_CART,2026-01-01T19:46:00Z
15,1,ADDED_TO_CART,2026-01-01T20:00:00Z
15,8,ADDED_TO_CART,2026-01-01T20:01:00Z
15,18,ADDED_TO_CART,2026-01-01T20:02:00Z
15,9,ADDED_TO_CART,2026-01-01T20:03:00Z
15,14,ADDED_TO_CART,2026-01-01T20:04:00Z
15,16,ADDED_TO_CART,2026-01-01T20:05:00Z
15,5,ADDED_TO_CART,2026-01-01T20:06:00Z
16,22,ADDED_TO_CART,2026-01-01T20:20:00Z
16,21,ADDED_TO_CART,2026-01-01T20:21:00Z
16,7,ADDED_TO_CART,2026-01-01T20:22:00Z
16,24,ADDED_TO_CART,2026-01-01T20:23:00Z
16,15,ADDED_TO_CART,2026-01-01T20:24:00Z
16,6,ADDED_TO_CART,2026-01-01T20:25:00Z
16,10,ADDED_TO_CART,2026-01-01T20:26:00Z
17,13,ADDED_TO_CART,2026-01-01T20:40:00Z
17,23,ADDED_TO_CART,2026-01-01T20:41:00Z
17,5,ADDED_TO_CART,2026-01-01T20:42:00Z
17,7,ADDED_TO_CART,2026-01-01T20:43:00Z
17,11,ADDED_TO_CART,2026-01-01T20:44:00Z
17,12,ADDED_TO_CART,2026-01-01T20:45:00Z
17,24,ADDED_TO_CART,2026-01-01T20:46:00Z
18,3,ADDED_TO_CART,2026-01-01T21:00:00Z
18,23,ADDED_TO_CART,2026-01-01T21:01:00Z
18,8,ADDED_TO_CART,2026-01-01T21:02:00Z
18,15,ADDED_TO_CART,2026-01-01T21:03:00Z
18,14,ADDED_TO_CART,2026-01-01T21:04:00Z
18,16,ADDED_TO_CART,2026-01-01T21:05:00Z
18,17,ADDED_TO_CART,2026-01-01T21:06:00Z
19,14,ADDED_TO_CART,2026-01-01T21:20:00Z
19,2,ADDED_TO_CART,2026-01-01T21:21:00Z
19,18,ADDED_TO_CART,2026-01-01T21:22:00Z
19,8,ADDED_TO_CART,2026-01-01T21:23:00Z
19,9,ADDED_TO_CART,2026-01-01T21:24:00Z
19,10,ADDED_TO_CART,2026-01-01T21:25:00Z
19,1,ADDED_TO_CART,2026-01-01T21:26:00Z
20,24,ADDED_TO_CART,2026-01-01T21:40:00Z
20,20,ADDED_TO_CART,2026-01-01T21:41:00Z
20,5,ADDED_TO_CART,2026-01-01T21:42:00Z
20,6,ADDED_TO_CART,2026-01-01T21:43:00Z
20,1,ADDED_TO_CART,2026-01-01T21:44:00Z
20,7,ADDED_TO_CART,2026-01-01T21:45:00Z
20,11,ADDED_TO_CART,2026-01-01T21:46:00Z
21,1,ADDED_TO_CART,2026-01-01T22:00:00Z
21,3,ADDED_TO_CART,2026-01-01T22:01:00Z
21,8,ADDED_TO_CART,2026-01-01T22:02:00Z
21,14,ADDED_TO_CART,2026-01-01T22:03:00Z
21,16,ADDED_TO_CART,2026-01-01T22:04:00Z
21,7,ADDED_TO_CART,2026-01-01T22:05:00Z
21,22,ADDED_TO_CART,2026-01-01T22:06:00Z
22,1,ADDED_TO_CART,2026-01-01T22:20:00Z
22,5,ADDED_TO_CART,2026-01-01T22:21:00Z
22,6,ADDED_TO_CART,2026-01-01T22:22:00Z
22,20,ADDED_TO_CART,2026-01-01T22:23:00Z
22,8,ADDED_TO_CART,2026-01-01T22:24:00Z
22,14,ADDED_TO_CART,2026-01-01T22:25:00Z
22,2,ADDED_TO_CART,2026-01-01T22:26:00Z
23,19,ADDED_TO_CART,2026-01-01T22:40:00Z
23,8,ADDED_TO_CART,2026-01-01T22:41:00Z
23,18,ADDED_TO_CART,2026-01-01T22:42:00Z
23,24,ADDED_TO_CART,2026-01-01T22:43:00Z
23,11,ADDED_TO_CART,2026-01-01T22:44:00Z
23,3,ADDED_TO_CART,2026-01-01T22:45:00Z
23,13,ADDED_TO_CART,2026-01-01T22:46:00Z
24,5,ADDED_TO_CART,2026-01-01T23:00:00Z
24,1,ADDED_TO_CART,2026-01-01T23:01:00Z
24,20,ADDED_TO_CART,2026-01-01T23:02:00Z
24,2,ADDED_TO_CART,2026-01-01T23:03:00Z
24,4,ADDED_TO_CART,2026-01-01T23:04:00Z
24,7,ADDED_TO_CART,2026-01-01T23:05:00Z
24,6,ADDED_TO_CART,2026-01-01T23:06:00Z
25,9,ADDED_TO_CART,2026-01-01T23:20:00Z
25,14,ADDED_TO_CART,2026-01-01T23:21:00Z
25,16,ADDED_TO_CART,2026-01-01T23:22:00Z
25,5,ADDED_TO_CART,2026-01-01T23:23:00Z
25,1,ADDED_TO_CART,2026-01-01T23:24:00Z
25,8,ADDED_TO_CART,2026-01-01T23:25:00Z
25,18,ADDED_TO_CART,2026-01-01T23:26:00Z
26,24,ADDED_TO_CART,2026-01-01T23:40:00Z
26,15,ADDED_TO_CART,2026-01-01T23:41:00Z
26,6,ADDED_TO_CART,2026-01-01T23:42:00Z
26,10,ADDED_TO_CART,2026-01-01T23:43:00Z
26,22,ADDED_TO_CART,2026-01-01T23:44:00Z
26,21,ADDED_TO_CART,2026-01-01T23:45:00Z
26,7,ADDED_TO_CART,2026-01-01T23:46:00Z
27,7,ADDED_TO_CART,2026-01-02T00:00:00Z
27,11,ADDED_TO_CART,2026-01-02T00:01:00Z
27,12,ADDED_TO_CART,2026-01-02T00:02:00Z
27,24,ADDED_TO_CART,2026-01-02T00:03:00Z
27,13,ADDED_TO_CART,2026-01-02T00:04:00Z
27,23,ADDED_TO_CART,2026-01-02T00:05:00Z
27,5,ADDED_TO_CART,2026-01-02T00:06:00Z
28,15,ADDED_TO_CART,2026-01-02T00:20:00Z
28,14,ADDED_TO_CART,2026-01-02T00:21:00Z
28,16,ADDED_TO_CART,2026-01-02T00:22:00Z
28,17,ADDED_TO_CART,2026-01-02T00:23:00Z
28,3,ADDED_TO_CART,2026-01-02T00:24:00Z
28,23,ADDED_TO_CART,2026-01-02T00:25:00Z
28,8,ADDED_TO_CART,2026-01-02T00:26:00Z
29,8,ADDED_TO_CART,2026-01-02T00:40:00Z
29,9,ADDED_TO_CART,2026-01-02T00:41:00Z
29,10,ADDED_TO_CART,2026-01-02T00:42:00Z
29,1,ADDED_TO_CART,2026-01-02T00:43:00Z
29,14,ADDED_TO_CART,2026-01-02T00:44:00Z
29,2,ADDED_TO_CART,2026-01-02T00:45:00Z
29,18,ADDED_TO_CART,2026-01-02T00:46:00Z
30,6,ADDED_TO_CART,2026-01-02T01:00:00Z
30,1,ADDED_TO_CART,2026-01-02T01:01:00Z
30,7,ADDED_TO_CART,2026-01-02T01:02:00Z
30,11,ADDED_TO_CART,2026-01-02T01:03:00Z
30,24,ADDED_TO_CART,2026-01-02T01:04:00Z
30,20,ADDED_TO_CART,2026-01-02T01:05:00Z
30,5,ADDED_TO_CART,2026-01-02T01:06:00Z
31,14,ADDED_TO_CART,2026-01-02T01:20:00Z
31,16,ADDED_TO_CART,2026-01-02T01:21:00Z
31,7,ADDED_TO_CART,2026-01-02T01:22:00Z
31,22,ADDED_TO_CART,2026-01-02T01:23:00Z
31,1,ADDED_TO_CART,2026-01-02T01:24:00Z
31,3,ADDED_TO_CART,2026-01-02T01:25:00Z
31,8,ADDED_TO_CART,2026-01-02T01:26:00Z
32,20,ADDED_TO_CART,2026-01-02T01:40:00Z
32,8,ADDED_TO_CART,2026-01-02T01:41:00Z
32,14,ADDED_TO_CART,2026-01-02T01:42:00Z
32,2,ADDED_TO_CART,2026-01-02T01:43:00Z
32,1,ADDED_TO_CART,2026-01-02T01:44:00Z
32,5,ADDED_TO_CART,2026-01-02T01:45:00Z
32,6,ADDED_TO_CART,2026-01-02T01:46:00Z
33,24,ADDED_TO_CART,2026-01-02T02:00:00Z
33,11,ADDED_TO_CART,2026-01-02T02:01:00Z
33,3,ADDED_TO_CART,2026-01-02T02:02:00Z
33,13,ADDED_TO_CART,2026-01-02T02:03:00Z
33,19,ADDED_TO_CART,2026-01-02T02:04:00Z
33,8,ADDED_TO_CART,2026-01-02T02:05:00Z
33,18,ADDED_TO_CART,2026-01-02T02:06:00Z
34,2,ADDED_TO_CART,2026-01-02T02:20:00Z
34,4,ADDED_TO_CART,2026-01-02T02:21:00Z
34,7,ADDED_TO_CART,2026-01-02T02:22:00Z
34,6,ADDED_TO_CART,2026-01-02T02:23:00Z
34,5,ADDED_TO_CART,2026-01-02T02:24:00Z
34,1,ADDED_TO_CART,2026-01-02T02:25:00Z
34,20,ADDED_TO_CART,2026-01-02T02:26:00Z
35,5,ADDED_TO_CART,2026-01-02T02:40:00Z
35,1,ADDED_TO_CART,2026-01-02T02:41:00Z
35,8,ADDED_TO_CART,2026-01-02T02:42:00Z
35,18,ADDED_TO_CART,2026-01-02T02:43:00Z
35,9,ADDED_TO_CART,2026-01-02T02:44:00Z
35,14,ADDED_TO_CART,2026-01-02T02:45:00Z
35,16,ADDED_TO_CART,2026-01-02T02:46:00Z
36,10,ADDED_TO_CART,2026-01-02T03:00:00Z
36,22,ADDED_TO_CART,2026-01-02T03:01:00Z
36,21,ADDED_TO_CART,2026-01-02T03:02:00Z
36,7,ADDED_TO_CART,2026-01-02T03:03:00Z
36,24,ADDED_TO_CART,2026-01-02T03:04:00Z
36,15,ADDED_TO_CART,2026-01-02T03:05:00Z
36,6,ADDED_TO_CART,2026-01-02T03:06:00Z
37,24,ADDED_TO_CART,2026-01-02T03:20:00Z
37,13,ADDED_TO_CART,2026-01-02T03:21:00Z
37,23,ADDED_TO_CART,2026-01-02T03:22:00Z
37,5,ADDED_TO_CART,2026-01-02T03:23:00Z
37,7,ADDED_TO_CART,2026-01-02T03:24:00Z
37,11,ADDED_TO_CART,2026-01-02T03:25:00Z
37,12,ADDED_TO_CART,2026-01-02T03:26:00Z
38,17,ADDED_TO_CART,2026-01-02T03:40:00Z
38,3,ADDED_TO_CART,2026-01-02T03:41:00Z
38,23,ADDED_TO_CART,2026-01-02T03:42:00Z
38,8,ADDED_TO_CART,2026-01-02T03:43:00Z
38,15,ADDED_TO_CART,2026-01-02T03:44:00Z
38,14,ADDED_TO_CART,2026-01-02T03:45:00Z
38,16,ADDED_TO_CART,2026-01-02T03:46:00Z
39,1,ADDED_TO_CART,2026-01-02T04:00:00Z
39,14,ADDED_TO_CART,2026-01-02T04:01:00Z
39,2,ADDED_TO_CART,2026-01-02T04:02:00Z
39,18,ADDED_TO_CART,2026-01-02T04:03:00Z
39,8,ADDED_TO_CART,2026-01-02T04:04:00Z
39,9,ADDED_TO_CART,2026-01-02T04:05:00Z
39,10,ADDED_TO_CART,2026-01-02T04:06:00Z
40,11,ADDED_TO_CART,2026-01-02T04:20:00Z
40,24,ADDED_TO_CART,2026-01-02T04:21:00Z
40,20,ADDED_TO_CART,2026-01-02T04:22:00Z
40,5,ADDED_TO_CART,2026-01-02T04:23:00Z
40,6,ADDED_TO_CART,2026-01-02T04:24:00Z
40,1,ADDED_TO_CART,2026-01-02T04:25:00Z
40,7,ADDED_TO_CART,2026-01-02T04:26:00Z
41,22,ADDED_TO_CART,2026-01-02T04:40:00Z
41,1,ADDED_TO_CART,2026-01-02T04:41:00Z
41,3,ADDED_TO_CART,2026-01-02T04:42:00Z
41,8,ADDED_TO_CART,2026-01-02T04:43:00Z
41,14,ADDED_TO_CART,2026-01-02T04:44:00Z
41,16,ADDED_TO_CART,2026-01-02T04:45:00Z
41,7,ADDED_TO_CART,2026-01-02T04:46:00Z
42,2,ADDED_TO_CART,2026-01-02T05:00:00Z
42,1,ADDED_TO_CART,2026-01-02T05:01:00Z
42,5,ADDED_TO_CART,2026-01-02T05:02:00Z
42,6,ADDED_TO_CART,2026-01-02T05:03:00Z
42,20,ADDED_TO_CART,2026-01-02T05:04:00Z
42,8,ADDED_TO_CART,2026-01-02T05:05:00Z
42,14,ADDED_TO_CART,2026-01-02T05:06:00Z
43,13,ADDED_TO_CART,2026-01-02T05:20:00Z
43,19,ADDED_TO_CART,2026-01-02T05:21:00Z
43,8,ADDED_TO_CART,2026-01-02T05:22:00Z
43,18,ADDED_TO_CART,2026-01-02T05:23:00Z
43,24,ADDED_TO_CART,2026-01-02T05:24:00Z
43,11,ADDED_TO_CART,2026-01-02T05:25:00Z
43,3,ADDED_TO_CART,2026-01-02T05:26:00Z
44,6,ADDED_TO_CART,2026-01-02T05:40:00Z
44,5,ADDED_TO_CART,2026-01-02T05:41:00Z
44,1,ADDED_TO_CART,2026-01-02T05:42:00Z
44,20,ADDED_TO_CART,2026-01-02T05:43:00Z
44,2,ADDED_TO_CART,2026-01-02T05:44:00Z
44,4,ADDED_TO_CART,2026-01-02T05:45:00Z
44,7,ADDED_TO_CART,2026-01-02T05:46:00Z
45,18,ADDED_TO_CART,2026-01-02T06:00:00Z
45,9,ADDED_TO_CART,2026-01-02T06:01:00Z
45,14,ADDED_TO_CART,2026-01-02T06:02:00Z
45,16,ADDED_TO_CART,2026-01-02T06:03:00Z
45,5,ADDED_TO_CART,2026-01-02T06:04:00Z
45,1,ADDED_TO_CART,2026-01-02T06:05:00Z
45,8,ADDED_TO_CART,2026-01-02T06:06:00Z
46,7,ADDED_TO_CART,2026-01-02T06:20:00Z
46,24,ADDED_TO_CART,2026-01-02T06:21:00Z
46,15,ADDED_TO_CART,2026-01-02T06:22:00Z
46,6,ADDED_TO_CART,2026-01-02T06:23:00Z
46,10,ADDED_TO_CART,2026-01-02T06:24:00Z
46,22,ADDED_TO_CART,2026-01-02T06:25:00Z
46,21,ADDED_TO_CART,2026-01-02T06:26:00Z
47,5,ADDED_TO_CART,2026-01-02T06:40:00Z
47,7,ADDED_TO_CART,2026-01-02T06:41:00Z
47,11,ADDED_TO_CART,2026-01-02T06:42:00Z
47,12,ADDED_TO_CART,2026-01-02T06:43:00Z
47,24,ADDED_TO_CART,2026-01-02T06:44:00Z
47,13,ADDED_TO_CART,2026-01-02T06:45:00Z
47,23,ADDED_TO_CART,2026-01-02T06:46:00Z
48,8,ADDED_TO_CART,2026-01-02T07:00:00Z
48,15,ADDED_TO_CART,2026-01-02T07:01:00Z
48,14,ADDED_TO_CART,2026-01-02T07:02:00Z
48,16,ADDED_TO_CART,2026-01-02T07:03:00Z
48,17,ADDED_TO_CART,2026-01-02T07:04:00Z
48,3,ADDED_TO_CART,2026-01-02T07:05:00Z
48,23,ADDED_TO_CART,2026-01-02T07:06:00Z
49,18,ADDED_TO_CART,2026-01-02T07:20:00Z
49,8,ADDED_TO_CART,2026-01-02T07:21:00Z
49,9,ADDED_TO_CART,2026-01-02T07:22:00Z
49,10,ADDED_TO_CART,2026-01-02T07:23:00Z
49,1,ADDED_TO_CART,2026-01-02T07:24:00Z
49,14,ADDED_TO_CART,2026-01-02T07:25:00Z
49,2,ADDED_TO_CART,2026-01-02T07:26:00Z
50,5,ADDED_TO_CART,2026-01-02T07:40:00Z
50,6,ADDED_TO_CART,2026-01-02T07:41:00Z
50,1,ADDED_TO_CART,2026-01-02T07:42:00Z
50,7,ADDED_TO_CART,2026-01-02T07:43:00Z
50,11,ADDED_TO_CART,2026-01-02T07:44:00Z
50,24,ADDED_TO_CART,2026-01-02T07:45:00Z
50,20,ADDED_TO_CART,2026-01-02T07:46:00Z
51,8,ADDED_TO_CART,2026-01-02T08:00:00Z
51,14,ADDED_TO_CART,2026-01-02T08:01:00Z
51,16,ADDED_TO_CART,2026-01-02T08:02:00Z
51,7,ADDED_TO_CART,2026-01-02T08:03:00Z
51,22,ADDED_TO_CART,2026-01-02T08:04:00Z
51,1,ADDED_TO_CART,2026-01-02T08:05:00Z
51,3,ADDED_TO_CART,2026-01-02T08:06:00Z
52,6,ADDED_TO_CART,2026-01-02T08:20:00Z
52,20,ADDED_TO_CART,2026-01-02T08:21:00Z
52,8,ADDED_TO_CART,2026-01-02T08:22:00Z
52,14,ADDED_TO_CART,2026-01-02T08:23:00Z
52,2,ADDED_TO_CART,2026-01-02T08:24:00Z
52,1,ADDED_TO_CART,2026-01-02T08:25:00Z
52,5,ADDED_TO_CART,2026-01-02T08:26:00Z
53,18,ADDED_TO_CART,2026-01-02T08:40:00Z
53,24,ADDED_TO_CART,2026-01-02T08:41:00Z
53,11,ADDED_TO_CART,2026-01-02T08:42:00Z
53,3,ADDED_TO_CART,2026-01-02T08:43:00Z
53,13,ADDED_TO_CART,2026-01-02T08:44:00Z
53,19,ADDED_TO_CART,2026-01-02T08:45:00Z
53,8,ADDED_TO_CART,2026-01-02T08:46:00Z
54,20,ADDED_TO_CART,2026-01-02T09:00:00Z
54,2,ADDED_TO_CART,2026-01-02T09:01:00Z
54,4,ADDED_TO_CART,2026-01-02T09:02:00Z
54,7,ADDED_TO_CART,2026-01-02T09:03:00Z
54,6,ADDED_TO_CART,2026-01-02T09:04:00Z
54,5,ADDED_TO_CART,2026-01-02T09:05:00Z
54,1,ADDED_TO_CART,2026-01-02T09:06:00Z
55,16,ADDED_TO_CART,2026-01-02T09:20:00Z
55,5,ADDED_TO_CART,2026-01-02T09:21:00Z
55,1,ADDED_TO_CART,2026-01-02T09:22:00Z
55,8,ADDED_TO_CART,2026-01-02T09:23:00Z
55,18,ADDED_TO_CART,2026-01-02T09:24:00Z
55,9,ADDED_TO_CART,2026-01-02T09:25:00Z
55,14,ADDED_TO_CART,2026-01-02T09:26:00Z
56,6,ADDED_TO_CART,2026-01-02T09:40:00Z
56,10,ADDED_TO_CART,2026-01-02T09:41:00Z
56,22,ADDED_TO_CART,2026-01-02T09:42:00Z
56,21,ADDED_TO_CART,2026-01-02T09:43:00Z
56,7,ADDED_TO_CART,2026-01-02T09:44:00Z
56,24,ADDED_TO_CART,2026-01-02T09:45:00Z
56,15,ADDED_TO_CART,2026-01-02T09:46:00Z
57,12,ADDED_TO_CART,2026-01-02T10:00:00Z
57,24,ADDED_TO_CART,2026-01-02T10:01:00Z
57,13,ADDED_TO_CART,2026-01-02T10:02:00Z
57,23,ADDED_TO_CART,2026-01-02T10:03:00Z
57,5,ADDED_TO_CART,2026-01-02T10:04:00Z
57,7,ADDED_TO_CART,2026-01-02T10:05:00Z
57,11,ADDED_TO_CART,2026-01-02T10:06:00Z
58,16,ADDED_TO_CART,2026-01-02T10:20:00Z
58,17,ADDED_TO_CART,2026-01-02T10:21:00Z
58,3,ADDED_TO_CART,2026-01-02T10:22:00Z
58,23,ADDED_TO_CART,2026-01-02T10:23:00Z
58,8,ADDED_TO_CART,2026-01-02T10:24:00Z
58,15,ADDED_TO_CART,2026-01-02T10:25:00Z
58,14,ADDED_TO_CART,2026-01-02T10:26:00Z
59,10,ADDED_TO_CART,2026-01-02T10:40:00Z
59,1,ADDED_TO_CART,2026-01-02T10:41:00Z
59,14,ADDED_TO_CART,2026-01-02T10:42:00Z
59,2,ADDED_TO_CART,2026-01-02T10:43:00Z
59,18,ADDED_TO_CART,2026-01-02T10:44:00Z
59,8,ADDED_TO_CART,2026-01-02T10:45:00Z
59,9,ADDED_TO_CART,2026-01-02T10:46:00Z
60,7,ADDED_TO_CART,2026-01-02T11:00:00Z
60,11,ADDED_TO_CART,2026-01-02T11:01:00Z
60,24,ADDED_TO_CART,2026-01-02T11:02:00Z
60,20,ADDED_TO_CART,2026-01-02T11:03:00Z
60,5,ADDED_TO_CART,2026-01-02T11:04:00Z
60,6,ADDED_TO_CART,2026-01-02T11:05:00Z
60,1,ADDED_TO_CART,2026-01-02T11:06:00Z
61,7,ADDED_TO_CART,2026-01-02T11:20:00Z
61,22,ADDED_TO_CART,2026-01-02T11:21:00Z
61,1,ADDED_TO_CART,2026-01-02T11:22:00Z
61,3,ADDED_TO_CART,2026-01-02T11:23:00Z
61,8,ADDED_TO_CART,2026-01-02T11:24:00Z
61,14,ADDED_TO_CART,2026-01-02T11:25:00Z
61,16,ADDED_TO_CART,2026-01-02T11:26:00Z
62,14,ADDED_TO_CART,2026-01-02T11:40:00Z
62,2,ADDED_TO_CART,2026-01-02T11:41:00Z
62,1,ADDED_TO_CART,2026-01-02T11:42:00Z
62,5,ADDED_TO_CART,2026-01-02T11:43:00Z
62,6,ADDED_TO_CART,2026-01-02T11:44:00Z
62,20,ADDED_TO_CART,2026-01-02T11:45:00Z
62,8,ADDED_TO_CART,2026-01-02T11:46:00Z
63,3,ADDED_TO_CART,2026-01-02T12:00:00Z
63,13,ADDED_TO_CART,2026-01-02T12:01:00Z
63,19,ADDED_TO_CART,2026-01-02T12:02:00Z
63,8,ADDED_TO_CART,2026-01-02T12:03:00Z
63,18,ADDED_TO_CART,2026-01-02T12:04:00Z
63,24,ADDED_TO_CART,2026-01-02T12:05:00Z
63,11,ADDED_TO_CART,2026-01-02T12:06:00Z
64,7,ADDED_TO_CART,2026-01-02T12:20:00Z
64,6,ADDED_TO_CART,2026-01-02T12:21:00Z
64,5,ADDED_TO_CART,2026-01-02T12:22:00Z
64,1,ADDED_TO_CART,2026-01-02T12:23:00Z
64,20,ADDED_TO_CART,2026-01-02T12:24:00Z
64,2,ADDED_TO_CART,2026-01-02T12:25:00Z
64,4,ADDED_TO_CART,2026-01-02T12:26:00Z
65,8,ADDED_TO_CART,2026-01-02T12:40:00Z
65,18,ADDED_TO_CART,2026-01-02T12:41:00Z
65,9,ADDED_TO_CART,2026-01-02T12:42:00Z
65,14,ADDED_TO_CART,2026-01-02T12:43:00Z
65,16,ADDED_TO_CART,2026-01-02T12:44:00Z
65,5,ADDED_TO_CART,2026-01-02T12:45:00Z
65,1,ADDED_TO_CART,2026-01-02T12:46:00Z
66,21,ADDED_TO_CART,2026-01-02T13:00:00Z
66,7,ADDED_TO_CART,2026-01-02T13:01:00Z
66,24,ADDED_TO_CART,2026-01-02T13:02:00Z
66,15,ADDED_TO_CART,2026-01-02T13:03:00Z
66,6,ADDED_TO_CART,2026-01-02T13:04:00Z
66,10,ADDED_TO_CART,2026-01-02T13:05:00Z
66,22,ADDED_TO_CART,2026-01-02T13:06:00Z
67,23,ADDED_TO_CART,2026-01-02T13:20:00Z
67,5,ADDED_TO_CART,2026-01-02T13:21:00Z
67,7,ADDED_TO_CART,2026-01-02T13:22:00Z
67,11,ADDED_TO_CART,2026-01-02T13:23:00Z
67,12,ADDED_TO_CART,2026-01-02T13:24:00Z
67,24,ADDED_TO_CART,2026-01-02T13:25:00Z
67,13,ADDED_TO_CART,2026-01-02T13:26:00Z
68,23,ADDED_TO_CART,2026-01-02T13:40:00Z
68,8,ADDED_TO_CART,2026-01-02T13:41:00Z
68,15,ADDED_TO_CART,2026-01-02T13:42:00Z
68,14,ADDED_TO_CART,2026-01-02T13:43:00Z
68,16,ADDED_TO_CART,2026-01-02T13:44:00Z
68,17,ADDED_TO_CART,2026-01-02T13:45:00Z
68,3,ADDED_TO_CART,2026-01-02T13:46:00Z
69,2,ADDED_TO_CART,2026-01-02T14:00:00Z
69,18,ADDED_TO_CART,2026-01-02T14:01:00Z
69,8,ADDED_TO_CART,2026-01-02T14:02:00Z
69,9,ADDED_TO_CART,2026-01-02T14:03:00Z
69,10,ADDED_TO_CART,2026-01-02T14:04:00Z
69,1,ADDED_TO_CART,2026-01-02T14:05:00Z
69,14,ADDED_TO_CART,2026-01-02T14:06:00Z
70,20,ADDED_TO_CART,2026-01-02T14:20:00Z
70,5,ADDED_TO_CART,2026-01-02T14:21:00Z
70,6,ADDED_TO_CART,2026-01-02T14:22:00Z
70,1,ADDED_TO_CART,2026-01-02T14:23:00Z
70,7,ADDED_TO_CART,2026-01-02T14:24:00Z
70,11,ADDED_TO_CART,2026-01-02T14:25:00Z
70,24,ADDED_TO_CART,2026-01-02T14:26:00Z
71,3,ADDED_TO_CART,2026-01-02T14:40:00Z
71,8,ADDED_TO_CART,2026-01-02T14:41:00Z
71,14,ADDED_TO_CART,2026-01-02T14:42:00Z
71,16,ADDED_TO_CART,2026-01-02T14:43:00Z
71,7,ADDED_TO_CART,2026-01-02T14:44:00Z
71,22,ADDED_TO_CART,2026-01-02T14:45:00Z
71,1,ADDED_TO_CART,2026-01-02T14:46:00Z
72,5,ADDED_TO_CART,2026-01-02T15:00:00Z
72,6,ADDED_TO_CART,2026-01-02T15:01:00Z
72,20,ADDED_TO_CART,2026-01-02T15:02:00Z
72,8,ADDED_TO_CART,2026-01-02T15:03:00Z
72,14,ADDED_TO_CART,2026-01-02T15:04:00Z
72,2,ADDED_TO_CART,2026-01-02T15:05:00Z
72,1,ADDED_TO_CART,2026-01-02T15:06:00Z
73,8,ADDED_TO_CART,2026-01-02T15:20:00Z
73,18,ADDED_TO_CART,2026-01-02T15:21:00Z
73,24,ADDED_TO_CART,2026-01-02T15:22:00Z
73,11,ADDED_TO_CART,2026-01-02T15:23:00Z
73,3,ADDED_TO_CART,2026-01-02T15:24:00Z
73,13,ADDED_TO_CART,2026-01-02T15:25:00Z
73,19,ADDED_TO_CART,2026-01-02T15:26:00Z
74,1,ADDED_TO_CART,2026-01-02T15:40:00Z
74,20,ADDED_TO_CART,2026-01-02T15:41:00Z
74,2,ADDED_TO_CART,2026-01-02T15:42:00Z
74,4,ADDED_TO_CART,2026-01-02T15:43:00Z
74,7,ADDED_TO_CART,2026-01-02T15:44:00Z
74,6,ADDED_TO_CART,2026-01-02T15:45:00Z
74,5,ADDED_TO_CART,2026-01-02T15:46:00Z
75,14,ADDED_TO_CART,2026-01-02T16:00:00Z
75,16,ADDED_TO_CART,2026-01-02T16:01:00Z
75,5,ADDED_TO_CART,2026-01-02T16:02:00Z
75,1,ADDED_TO_CART,2026-01-02T16:03:00Z
75,8,ADDED_TO_CART,2026-01-02T16:04:00Z
75,18,ADDED_TO_CART,2026-01-02T16:05:00Z
75,9,ADDED_TO_CART,2026-01-02T16:06:00Z
76,15,ADDED_TO_CART,2026-01-02T16:20:00Z
76,6,ADDED_TO_CART,2026-01-02T16:21:00Z
76,10,ADDED_TO_CART,2026-01-02T16:22:00Z
76,22,ADDED_TO_CART,2026-01-02T16:23:00Z
76,21,ADDED_TO_CART,2026-01-02T16:24:00Z
76,7,ADDED_TO_CART,2026-01-02T16:25:00Z
76,24,ADDED_TO_CART,2026-01-02T16:26:00Z
77,11,ADDED_TO_CART,2026-01-02T16:40:00Z
77,12,ADDED_TO_CART,2026-01-02T16:41:00Z
77,24,ADDED_TO_CART,2026-01-02T16:42:00Z
77,13,ADDED_TO_CART,2026-01-02T16:43:00Z
77,23,ADDED_TO_CART,2026-01-02T16:44:00Z
77,5,ADDED_TO_CART,2026-01-02T16:45:00Z
77,7,ADDED_TO_CART,2026-01-02T16:46:00Z
78,14,ADDED_TO_CART,2026-01-02T17:00:00Z
78,16,ADDED_TO_CART,2026-01-02T17:01:00Z
78,17,ADDED_TO_CART,2026-01-02T17:02:00Z
78,3,ADDED_TO_CART,2026-01-02T17:03:00Z
78,23,ADDED_TO_CART,2026-01-02T17:04:00Z
78,8,ADDED_TO_CART,2026-01-02T17:05:00Z
78,15,ADDED_TO_CART,2026-01-02T17:06:00Z
79,9,ADDED_TO_CART,2026-01-02T17:20:00Z
79,10,ADDED_TO_CART,2026-01-02T17:21:00Z
79,1,ADDED_TO_CART,2026-01-02T17:22:00Z
79,14,ADDED_TO_CART,2026-01-02T17:23:00Z
79,2,ADDED_TO_CART,2026-01-02T17:24:00Z
79,18,ADDED_TO_CART,2026-01-02T17:25:00Z
79,8,ADDED_TO_CART,2026-01-02T17:26:00Z
80,1,ADDED_TO_CART,2026-01-02T17:40:00Z
80,7,ADDED_TO_CART,2026-01-02T17:41:00Z
80,11,ADDED_TO_CART,2026-01-02T17:42:00Z
80,24,ADDED_TO_CART,2026-01-02T17:43:00Z
80,20,ADDED_TO_CART,2026-01-02T17:44:00Z
80,5,ADDED_TO_CART,2026-01-02T17:45:00Z
80,6,ADDED_TO_CART,2026-01-02T17:46:00Z
